{
	"Questions": [
		{
			"id": 1,
			"question": "What is your oldest cousin’s first name?",
			"inactive": false
		},
		{
			"id": 2,
			"question": "What is your oldest sibling's middle name?",
			"inactive": false
		},
		{
			"id": 3,
			"question": "What is the middle name of your youngest child?",
			"inactive": false
		},
		{
			"id": 4,
			"question": "What is the middle name of your oldest child?",
			"inactive": false
		},
		{
			"id": 5,
			"question": "In what city or town did your mother and father meet?",
			"inactive": false
		},
		{
			"id": 6,
			"question": "What was your first car’s make and model? (e.g. Ford Focus)",
			"inactive": false
		},
		{
			"id": 7,
			"question": "What was your first pet’s name?",
			"inactive": false
		},
		{
			"id": 8,
			"question": "What month and year was your mother born on? (e.g. January 1900)",
			"inactive": false
		},
		{
			"id": 9,
			"question": "What was your childhood nickname?",
			"inactive": false
		},
		{
			"id": 10,
			"question": "In what city did you meet your spouse/significant other?",
			"inactive": false
		},
		{
			"id": 11,
			"question": "What is the name of your favourite childhood friend?",
			"inactive": false
		},
		{
			"id": 12,
			"question": "What street did you first live on as a child?",
			"inactive": false
		},
		{
			"id": 13,
			"question": "What is your oldest sibling’s birthday month and year? (e.g. January 1900)",
			"inactive": false
		},
		{
			"id": 14,
			"question": "What was your childhood phone number including area code?",
			"inactive": false
		},
		{
			"id": 15,
			"question": "What was the name of your first stuffed animal?",
			"inactive": false
		},
		{
			"id": 16,
			"question": "What was the last name of your first teacher?",
			"inactive": false
		},
		{
			"id": 17,
			"question": "In what city does your nearest sibling live?",
			"inactive": false
		},
		{
			"id": 18,
			"question": "What is your youngest siblings birthday month and year? (e.g. January 1900)",
			"inactive": false
		},
		{
			"id": 19,
			"question": "What is your maternal grandmother’s maiden name?",
			"inactive": false
		},
		{
			"id": 20,
			"question": "In what city or town was your first job?",
			"inactive": false
		},
		{
			"id": 21,
			"question": "What is the name of the place your wedding reception was held?",
			"inactive": false
		},
		{
			"id": 22,
			"question": "What is your favorite pet's name?",
			"inactive": false
		},
		{
			"id": 23,
			"question": "What is your mother's maiden name?",
			"inactive": false
		},
		{
			"id": 24,
			"question": "What was your best childhood friend's name?",
			"inactive": false,
		},
		{
			"id": 25,
			"question": "What city were you born in?",
			"inactive": false
		}
		
	]
}