{
	"AccountDeactivateNotification" : "Ihr $$$APPLICATION-Konto wurde deaktiviert",
	"AccountDeletionNotification" : "Ihr $$$APPLICATION-Konto wurde gelöscht",
	"AccountReactivateNotification" : "Ihr $$$APPLICATION-Konto wurde wieder aktiviert",
	"AccountRegistrationNotification" : "Willkommen bei $$$APPLICATION!",
	"CompletedRegistrationNotification" : "Ihre $$$APPLICATION-Registrierung ist abgeschlossen",
	"EnrollmentDenialNotification" : "Ihre Anmeldungsanfrage für die $$$APPLICATION-Mitgliedschaft war nicht erfolgreich",
	"EnrollmentNotification" : "Ihre Anmeldungsanfrage für die $$$APPLICATION-Mitgliedschaft ist eingegangen",
	"EnrollmentReminderNotification": "Bitte vervollständigen Sie Ihre Anmeldung für $$$APPLICATION",
	"NewMessageNotification" : "Sie haben neue Nachrichten in Ihrem $$$APPLICATION-Posteingang",
	"NewMessageProxyNotification": "Wichtig: Neue $$$APPLICATION-Nachrichten",
	"NewPrincipalRelationshipNotification" : "Ein weiteres $$$APPLICATION-Mitglied hat jetzt Proxy-Zugriff auf Ihr $$$APPLICATION-Konto",
	"NewProxyRelationshipNotification" : "Ihnen wurden Proxy-Rechte für ein anderes $$$APPLICATION-Mitglied eingeräumt",
	"PasswordChangeNotification" : "Ihr $$$APPLICATION-Passwort wurde zurückgesetzt",
	"PasswordResetNotification" : "Zurücksetzen Ihres $$$APPLICATION-Passwortes",
	"UsernameReminderNotification" : "Ihre $$$APPLICATION-Informationen",
	"direct-communication-patient-newdata" : "Wichtig: Neue $$$APPLICATION-Nachrichten",
	"direct-communication-proxy-newdata" : "Wichtig: Neue $$$APPLICATION-Nachrichten"
}