{
	"AccountDeactivateNotification" : "L’account $$$APPLICATION è stato disattivato",
	"AccountDeletionNotification" : "L’account $$$APPLICATION è stato cancellato",
	"AccountReactivateNotification" : "L’account $$$APPLICATION è stato riattivato",
	"AccountRegistrationNotification" : "Benvenuto su $$$APPLICATION!",
	"CompletedRegistrationNotification" : "La registrazione a $$$APPLICATION è andata a buon fine",
	"EnrollmentDenialNotification" : "La richiesta di registrazione a $$$APPLICATION non è andata a buon fine",
	"EnrollmentNotification" : "La richiesta di registrazione a $$$APPLICATION è stata ricevuta",
	"EnrollmentReminderNotification": "È necessario completare la registrazione a $$$APPLICATION",
	"NewMessageNotification" : "Ci sono nuovi messaggi nella casella di posta in arrivo $$$APPLICATION",
	"NewMessageProxyNotification": "Importante: Nuovi messaggi da $$$APPLICATION",
	"NewPrincipalRelationshipNotification" : "Un nuovo membro del team $$$APPLICATION è stato autorizzato ad accedere al tuo account $$$APPLICATION",
	"NewProxyRelationshipNotification" : "Sei stato autorizzato ad accedere per conto di un altro membro $$$APPLICATION",
	"PasswordChangeNotification" : "La password $$$APPLICATION è stata reimpostata",
	"PasswordResetNotification" : "Come reimpostare la propria password $$$APPLICATION",
	"UsernameReminderNotification" : "I tuoi dati $$$APPLICATION",
	"direct-communication-patient-newdata" : "Importante: Nuovi messaggi da $$$APPLICATION",
	"direct-communication-proxy-newdata" : "Importante: Nuovi messaggi da $$$APPLICATION"
}