{
	"AccountDeactivateNotification" : "Su cuenta de $$$APPLICATION ha sido desactivada",
	"AccountDeletionNotification" : "Su cuenta de $$$APPLICATION ha sido borrada",
	"AccountReactivateNotification" : "Su cuenta de $$$APPLICATION ha sido reactivada",
	"AccountRegistrationNotification" : "¡Bienvenido/a a $$$APPLICATION!",
	"CompletedRegistrationNotification" : "Su registro en $$$APPLICATION se ha completado",
	"EnrollmentDenialNotification" : "Su solicitud de inscripción en $$$APPLICATION no se completó con éxito",
	"EnrollmentNotification" : "Su solicitud de inscripción en $$$APPLICATION ha sido recibida",
	"EnrollmentReminderNotification": "Complete su inscripción en $$$APPLICATION",
	"NewMessageNotification" : "Tiene mensajes nuevos en su bandeja de entrada de $$$APPLICATION",
	"NewMessageProxyNotification": "Importante: Nuevos mensajes de $$$APPLICATION",
	"NewPrincipalRelationshipNotification" : "Otro miembro de $$$APPLICATION tiene ahora acceso de representante a su cuenta de $$$APPLICATION",
	"NewProxyRelationshipNotification" : "Ha recibido autorización como representante de otro miembro de $$$APPLICATION",
	"PasswordChangeNotification" : "Su contraseña de $$$APPLICATION se ha restablecido",
	"PasswordResetNotification" : "Cómo restablecer su contraseña de $$$APPLICATION",
	"UsernameReminderNotification" : "Su información de $$$APPLICATION",
	"direct-communication-patient-newdata" : "Importante: Nuevos mensajes de $$$APPLICATION",
	"direct-communication-proxy-newdata" : "Importante: Nuevos mensajes de $$$APPLICATION"
}