{
	"AccountDeactivateNotification" : "Your $$$APPLICATION account has been deactivated",
	"AccountDeletionNotification" : "Your $$$APPLICATION account has been deleted",
	"AccountReactivateNotification" : "Your $$$APPLICATION account has been reactivated",
	"AccountRegistrationNotification" : "Welcome to $$$APPLICATION!",
	"CompletedRegistrationNotification" : "Your $$$APPLICATION registration is complete",
	"EnrollmentDenialNotification" : "Your enrollment request for $$$APPLICATION membership was unsuccessful",
	"EnrollmentNotification" : "Your enrollment request for $$$APPLICATION membership has been received",
	"EnrollmentReminderNotification": "Please complete your enrollment into $$$APPLICATION",
	"NewMessageNotification" : "You have new messages in your $$$APPLICATION inbox",
	"NewMessageProxyNotification": "Important: New $$$APPLICATION messages",
	"NewPrincipalRelationshipNotification" : "Another $$$APPLICATION member now has proxy access to your $$$APPLICATION account",
	"NewProxyRelationshipNotification" : "You have been authorized as a proxy for another $$$APPLICATION member",
	"PasswordChangeNotification" : "Your $$$APPLICATION password has been reset",
	"PasswordResetNotification" : "How to reset your $$$APPLICATION password",
	"UsernameReminderNotification" : "Your $$$APPLICATION information",
	"direct-communication-patient-newdata" : "Important: New $$$APPLICATION messages",
	"direct-communication-proxy-newdata" : "Important: New $$$APPLICATION messages"
}