{
	"AccountDeactivateNotification" : "Votre compte $$$APPLICATION a été désactivé",
	"AccountDeletionNotification" : "Votre compte $$$APPLICATION a été supprimé",
	"AccountReactivateNotification" : "Votre compte $$$APPLICATION a été réactivé",
	"AccountRegistrationNotification" : "Bienvenue à $$$APPLICATION !",
	"CompletedRegistrationNotification" : "Votre enregistrement à $$$APPLICATION est terminé",
	"EnrollmentDenialNotification" : "Votre demande d’inscription pour l’adhésion à $$$APPLICATION fut infructueuse",
	"EnrollmentNotification" : "Votre demande d’inscription pour l’adhésion à $$$APPLICATION a été reçue",
	"EnrollmentReminderNotification": "Veuillez finaliser votre inscription à $$$APPLICATION",
	"NewMessageNotification" : "Vous avez reçu de nouveaux messages dans votre boîte de réception $$$APPLICATION",
	"NewMessageProxyNotification": "Important : Nouveaux messages dans $$$APPLICATION",
	"NewPrincipalRelationshipNotification" : "Un autre membre de $$$APPLICATION détient maintenant un accès mandataire à votre compte $$$APPLICATION",
	"NewProxyRelationshipNotification" : "Vous avez été autorisé à titre de mandataire pour un autre membre de $$$APPLICATION",
	"PasswordChangeNotification" : "Votre mot de passe de $$$APPLICATION a été réinitialisé",
	"PasswordResetNotification" : "Comment réinitialiser votre mot de passe de $$$APPLICATION",
	"UsernameReminderNotification" : "Vos renseignements dans $$$APPLICATION",
	"direct-communication-patient-newdata" : "Important : Nouveaux messages dans $$$APPLICATION",
	"direct-communication-proxy-newdata" : "Important : Nouveaux messages dans $$$APPLICATION"
}